"Sample","CellID","Pre.Count","Pre.Percentage","Post.Count","Post.Percentage","post.pre"
"im-tram3_re","T1parental#4",1533,"0,82",1512,"0,91","1,12"
"im-tram3_re","T1parental#6",10903,"5,81",10565,"6,37","1,10"
"im-tram3_re","T1parental#9",12735,"6,79",11262,"6,79","1,00"
"im-tram3_re","TSC2#18",7320,"3,90",6934,"4,18","1,07"
"im-tram3_re","TSC2#19",3,"0,00",2,"0,00","0,75"
"im-tram3_re","TSC2#20",14729,"7,85",31419,"18,94","2,41"
"im-tram3_re","PTEN#15",13623,"7,26",28540,"17,20","2,37"
"im-tram3_re","PTEN#16",7845,"4,18",8170,"4,92","1,18"
"im-tram3_re","PTEN#17",6959,"3,71",17911,"10,80","2,91"
"im-tram3_re","Hom#25",3661,"1,95",1616,"0,97","0,50"
"im-tram3_re","Hom#26",4356,"2,32",2187,"1,32","0,57"
"im-tram3_re","Hom#27",873,"0,47",455,"0,27","0,59"
"im-tram3_re","V654A#29",10677,"5,69",1084,"0,65","0,11"
"im-tram3_re","V654A#30",4227,"2,25",1403,"0,85","0,38"
"im-tram3_re","V654A#39",4039,"2,15",1169,"0,70","0,33"
"im-tram3_re","D816E#24",5815,"3,10",5787,"3,49","1,13"
"im-tram3_re","D816E#34",4318,"2,30",3244,"1,96","0,85"
"im-tram3_re","D816E#36",24093,"12,84",17197,"10,37","0,81"
"im-tram3_re","D816A#10",10735,"5,72",5813,"3,50","0,61"
"im-tram3_re","D816A#11",3502,"1,87",5413,"3,26","1,75"
"im-tram3_re","D816A#13",15705,"8,37",2261,"1,36","0,16"
"im-tram3_re","A829P#21",2029,"1,08",666,"0,40","0,37"
"im-tram3_re","A829P#22",11590,"6,18",673,"0,41","0,07"
"im-tram3_re","A829P#28",6360,"3,39",612,"0,37","0,11"
"ctrl2_re","T1parental#4",1533,"0,82",2341,"1,18","1,45"
"ctrl2_re","T1parental#6",10903,"5,81",30699,"15,53","2,67"
"ctrl2_re","T1parental#9",12735,"6,79",25723,"13,01","1,92"
"ctrl2_re","TSC2#18",7320,"3,90",3075,"1,56","0,40"
"ctrl2_re","TSC2#19",3,"0,00",116,"0,06","36,70"
"ctrl2_re","TSC2#20",14729,"7,85",27406,"13,87","1,77"
"ctrl2_re","PTEN#15",13623,"7,26",45320,"22,93","3,16"
"ctrl2_re","PTEN#16",7845,"4,18",15125,"7,65","1,83"
"ctrl2_re","PTEN#17",6959,"3,71",25254,"12,78","3,44"
"ctrl2_re","Hom#25",3661,"1,95",614,"0,31","0,16"
"ctrl2_re","Hom#26",4356,"2,32",3394,"1,72","0,74"
"ctrl2_re","Hom#27",873,"0,47",571,"0,29","0,62"
"ctrl2_re","V654A#29",10677,"5,69",650,"0,33","0,06"
"ctrl2_re","V654A#30",4227,"2,25",787,"0,40","0,18"
"ctrl2_re","V654A#39",4039,"2,15",474,"0,24","0,11"
"ctrl2_re","D816E#24",5815,"3,10",474,"0,24","0,08"
"ctrl2_re","D816E#34",4318,"2,30",173,"0,09","0,04"
"ctrl2_re","D816E#36",24093,"12,84",2125,"1,08","0,08"
"ctrl2_re","D816A#10",10735,"5,72",10370,"5,25","0,92"
"ctrl2_re","D816A#11",3502,"1,87",1830,"0,93","0,50"
"ctrl2_re","D816A#13",15705,"8,37",697,"0,35","0,04"
"ctrl2_re","A829P#21",2029,"1,08",145,"0,07","0,07"
"ctrl2_re","A829P#22",11590,"6,18",205,"0,10","0,02"
"ctrl2_re","A829P#28",6360,"3,39",95,"0,05","0,01"
"im-tram3_li","T1parental#4",1533,"0,82",1888,"1,10","1,35"
"im-tram3_li","T1parental#6",10903,"5,81",12711,"7,41","1,28"
"im-tram3_li","T1parental#9",12735,"6,79",14471,"8,44","1,24"
"im-tram3_li","TSC2#18",7320,"3,90",7575,"4,42","1,13"
"im-tram3_li","TSC2#19",3,"0,00",6,"0,00","2,19"
"im-tram3_li","TSC2#20",14729,"7,85",27337,"15,94","2,03"
"im-tram3_li","PTEN#15",13623,"7,26",27384,"15,97","2,20"
"im-tram3_li","PTEN#16",7845,"4,18",9237,"5,39","1,29"
"im-tram3_li","PTEN#17",6959,"3,71",16204,"9,45","2,55"
"im-tram3_li","Hom#25",3661,"1,95",1265,"0,74","0,38"
"im-tram3_li","Hom#26",4356,"2,32",2409,"1,40","0,61"
"im-tram3_li","Hom#27",873,"0,47",409,"0,24","0,51"
"im-tram3_li","V654A#29",10677,"5,69",691,"0,40","0,07"
"im-tram3_li","V654A#30",4227,"2,25",707,"0,41","0,18"
"im-tram3_li","V654A#39",4039,"2,15",886,"0,52","0,24"
"im-tram3_li","D816E#24",5815,"3,10",5989,"3,49","1,13"
"im-tram3_li","D816E#34",4318,"2,30",2572,"1,50","0,65"
"im-tram3_li","D816E#36",24093,"12,84",26936,"15,71","1,22"
"im-tram3_li","D816A#10",10735,"5,72",6040,"3,52","0,62"
"im-tram3_li","D816A#11",3502,"1,87",2436,"1,42","0,76"
"im-tram3_li","D816A#13",15705,"8,37",2786,"1,62","0,19"
"im-tram3_li","A829P#21",2029,"1,08",490,"0,29","0,26"
"im-tram3_li","A829P#22",11590,"6,18",626,"0,37","0,06"
"im-tram3_li","A829P#28",6360,"3,39",445,"0,26","0,08"
"im2_li","T1parental#4",1533,"0,82",2092,"1,32","1,62"
"im2_li","T1parental#6",10903,"5,81",12396,"7,83","1,35"
"im2_li","T1parental#9",12735,"6,79",15500,"9,80","1,44"
"im2_li","TSC2#18",7320,"3,90",5174,"3,27","0,84"
"im2_li","TSC2#19",3,"0,00",15,"0,01","5,93"
"im2_li","TSC2#20",14729,"7,85",31137,"19,68","2,51"
"im2_li","PTEN#15",13623,"7,26",18766,"11,86","1,63"
"im2_li","PTEN#16",7845,"4,18",9712,"6,14","1,47"
"im2_li","PTEN#17",6959,"3,71",18306,"11,57","3,12"
"im2_li","Hom#25",3661,"1,95",1096,"0,69","0,35"
"im2_li","Hom#26",4356,"2,32",2839,"1,79","0,77"
"im2_li","Hom#27",873,"0,47",878,"0,55","1,19"
"im2_li","V654A#29",10677,"5,69",577,"0,36","0,06"
"im2_li","V654A#30",4227,"2,25",807,"0,51","0,23"
"im2_li","V654A#39",4039,"2,15",599,"0,38","0,18"
"im2_li","D816E#24",5815,"3,10",5387,"3,40","1,10"
"im2_li","D816E#34",4318,"2,30",2253,"1,42","0,62"
"im2_li","D816E#36",24093,"12,84",19879,"12,56","0,98"
"im2_li","D816A#10",10735,"5,72",5388,"3,40","0,60"
"im2_li","D816A#11",3502,"1,87",3491,"2,21","1,18"
"im2_li","D816A#13",15705,"8,37",1458,"0,92","0,11"
"im2_li","A829P#21",2029,"1,08",202,"0,13","0,12"
"im2_li","A829P#22",11590,"6,18",195,"0,12","0,02"
"im2_li","A829P#28",6360,"3,39",96,"0,06","0,02"
"ctrl2_li","T1parental#4",1533,"0,82",3499,"2,71","3,32"
"ctrl2_li","T1parental#6",10903,"5,81",25497,"19,75","3,40"
"ctrl2_li","T1parental#9",12735,"6,79",25976,"20,12","2,96"
"ctrl2_li","TSC2#18",7320,"3,90",3218,"2,49","0,64"
"ctrl2_li","TSC2#19",3,"0,00",23,"0,02","11,14"
"ctrl2_li","TSC2#20",14729,"7,85",11769,"9,12","1,16"
"ctrl2_li","PTEN#15",13623,"7,26",19553,"15,14","2,09"
"ctrl2_li","PTEN#16",7845,"4,18",9315,"7,21","1,73"
"ctrl2_li","PTEN#17",6959,"3,71",19771,"15,31","4,13"
"ctrl2_li","Hom#25",3661,"1,95",726,"0,56","0,29"
"ctrl2_li","Hom#26",4356,"2,32",1055,"0,82","0,35"
"ctrl2_li","Hom#27",873,"0,47",462,"0,36","0,77"
"ctrl2_li","V654A#29",10677,"5,69",130,"0,10","0,02"
"ctrl2_li","V654A#30",4227,"2,25",289,"0,22","0,10"
"ctrl2_li","V654A#39",4039,"2,15",132,"0,10","0,05"
"ctrl2_li","D816E#24",5815,"3,10",699,"0,54","0,17"
"ctrl2_li","D816E#34",4318,"2,30",350,"0,27","0,12"
"ctrl2_li","D816E#36",24093,"12,84",1977,"1,53","0,12"
"ctrl2_li","D816A#10",10735,"5,72",3335,"2,58","0,45"
"ctrl2_li","D816A#11",3502,"1,87",862,"0,67","0,36"
"ctrl2_li","D816A#13",15705,"8,37",290,"0,22","0,03"
"ctrl2_li","A829P#21",2029,"1,08",33,"0,03","0,02"
"ctrl2_li","A829P#22",11590,"6,18",84,"0,07","0,01"
"ctrl2_li","A829P#28",6360,"3,39",62,"0,05","0,01"
"im-tram2_li","T1parental#4",1533,"0,82",2081,"1,19","1,45"
"im-tram2_li","T1parental#6",10903,"5,81",9613,"8,93","1,54"
"im-tram2_li","T1parental#9",12735,"6,79",12328,"9,66","1,42"
"im-tram2_li","TSC2#18",7320,"3,90",1837,"3,43","0,88"
"im-tram2_li","TSC2#19",3,"0,00",82,"0,00","1,23"
"im-tram2_li","TSC2#20",14729,"7,85",13615,"13,89","1,77"
"im-tram2_li","PTEN#15",13623,"7,26",13412,"17,29","2,38"
"im-tram2_li","PTEN#16",7845,"4,18",6028,"5,77","1,38"
"im-tram2_li","PTEN#17",6959,"3,71",15167,"12,08","3,26"
"im-tram2_li","Hom#25",3661,"1,95",1197,"0,97","0,50"
"im-tram2_li","Hom#26",4356,"2,32",1506,"1,40","0,60"
"im-tram2_li","Hom#27",873,"0,47",486,"0,41","0,89"
"im-tram2_li","V654A#29",10677,"5,69",789,"0,62","0,11"
"im-tram2_li","V654A#30",4227,"2,25",388,"0,66","0,29"
"im-tram2_li","V654A#39",4039,"2,15",307,"0,68","0,31"
"im-tram2_li","D816E#24",5815,"3,10",1652,"3,26","1,05"
"im-tram2_li","D816E#34",4318,"2,30",657,"1,77","0,77"
"im-tram2_li","D816E#36",24093,"12,84",7631,"10,49","0,82"
"im-tram2_li","D816A#10",10735,"5,72",3078,"3,54","0,62"
"im-tram2_li","D816A#11",3502,"1,87",1669,"1,62","0,87"
"im-tram2_li","D816A#13",15705,"8,37",1496,"1,56","0,19"
"im-tram2_li","A829P#21",2029,"1,08",360,"0,24","0,22"
"im-tram2_li","A829P#22",11590,"6,18",443,"0,31","0,05"
"im-tram2_li","A829P#28",6360,"3,39",458,"0,24","0,07"
"ctrl1_li","T1parental#4",1533,"0,82",1824,"1,81","2,21"
"ctrl1_li","T1parental#6",10903,"5,81",15002,"14,86","2,56"
"ctrl1_li","T1parental#9",12735,"6,79",15218,"15,08","2,22"
"ctrl1_li","TSC2#18",7320,"3,90",2154,"2,13","0,55"
"ctrl1_li","TSC2#19",3,"0,00",3,"0,00","1,86"
"ctrl1_li","TSC2#20",14729,"7,85",10156,"10,06","1,28"
"ctrl1_li","PTEN#15",13623,"7,26",20106,"19,92","2,74"
"ctrl1_li","PTEN#16",7845,"4,18",11096,"10,99","2,63"
"ctrl1_li","PTEN#17",6959,"3,71",15932,"15,78","4,26"
"ctrl1_li","Hom#25",3661,"1,95",630,"0,62","0,32"
"ctrl1_li","Hom#26",4356,"2,32",812,"0,80","0,35"
"ctrl1_li","Hom#27",873,"0,47",484,"0,48","1,03"
"ctrl1_li","V654A#29",10677,"5,69",431,"0,43","0,08"
"ctrl1_li","V654A#30",4227,"2,25",494,"0,49","0,22"
"ctrl1_li","V654A#39",4039,"2,15",307,"0,30","0,14"
"ctrl1_li","D816E#24",5815,"3,10",331,"0,33","0,11"
"ctrl1_li","D816E#34",4318,"2,30",198,"0,20","0,09"
"ctrl1_li","D816E#36",24093,"12,84",872,"0,86","0,07"
"ctrl1_li","D816A#10",10735,"5,72",3067,"3,04","0,53"
"ctrl1_li","D816A#11",3502,"1,87",1236,"1,22","0,66"
"ctrl1_li","D816A#13",15705,"8,37",179,"0,18","0,02"
"ctrl1_li","A829P#21",2029,"1,08",140,"0,14","0,13"
"ctrl1_li","A829P#22",11590,"6,18",155,"0,15","0,02"
"ctrl1_li","A829P#28",6360,"3,39",116,"0,11","0,03"
"sun1_re","T1parental#4",1533,"0,82",984,"0,58","0,72"
"sun1_re","T1parental#6",10903,"5,81",7242,"4,30","0,74"
"sun1_re","T1parental#9",12735,"6,79",8233,"4,89","0,72"
"sun1_re","TSC2#18",7320,"3,90",9476,"5,63","1,44"
"sun1_re","TSC2#19",3,"0,00",5,"0,00","1,86"
"sun1_re","TSC2#20",14729,"7,85",41817,"24,85","3,17"
"sun1_re","PTEN#15",13623,"7,26",20761,"12,34","1,70"
"sun1_re","PTEN#16",7845,"4,18",14842,"8,82","2,11"
"sun1_re","PTEN#17",6959,"3,71",14009,"8,32","2,24"
"sun1_re","Hom#25",3661,"1,95",1718,"1,02","0,52"
"sun1_re","Hom#26",4356,"2,32",1519,"0,90","0,39"
"sun1_re","Hom#27",873,"0,47",590,"0,35","0,75"
"sun1_re","V654A#29",10677,"5,69",1015,"0,60","0,11"
"sun1_re","V654A#30",4227,"2,25",1300,"0,77","0,34"
"sun1_re","V654A#39",4039,"2,15",998,"0,59","0,28"
"sun1_re","D816E#24",5815,"3,10",3860,"2,29","0,74"
"sun1_re","D816E#34",4318,"2,30",2584,"1,54","0,67"
"sun1_re","D816E#36",24093,"12,84",13324,"7,92","0,62"
"sun1_re","D816A#10",10735,"5,72",13156,"7,82","1,37"
"sun1_re","D816A#11",3502,"1,87",5794,"3,44","1,84"
"sun1_re","D816A#13",15705,"8,37",2517,"1,50","0,18"
"sun1_re","A829P#21",2029,"1,08",918,"0,55","0,50"
"sun1_re","A829P#22",11590,"6,18",953,"0,57","0,09"
"sun1_re","A829P#28",6360,"3,39",663,"0,39","0,12"
"d0-3_re","T1parental#4",1533,"0,82",2922,"2,00","2,44"
"d0-3_re","T1parental#6",10903,"5,81",22623,"15,47","2,66"
"d0-3_re","T1parental#9",12735,"6,79",24871,"17,00","2,51"
"d0-3_re","TSC2#18",7320,"3,90",2816,"1,93","0,49"
"d0-3_re","TSC2#19",3,"0,00",7,"0,00","2,99"
"d0-3_re","TSC2#20",14729,"7,85",10232,"6,99","0,89"
"d0-3_re","PTEN#15",13623,"7,26",18981,"12,98","1,79"
"d0-3_re","PTEN#16",7845,"4,18",13697,"9,36","2,24"
"d0-3_re","PTEN#17",6959,"3,71",22113,"15,12","4,08"
"d0-3_re","Hom#25",3661,"1,95",2811,"1,92","0,98"
"d0-3_re","Hom#26",4356,"2,32",5810,"3,97","1,71"
"d0-3_re","Hom#27",873,"0,47",1086,"0,74","1,60"
"d0-3_re","V654A#29",10677,"5,69",489,"0,33","0,06"
"d0-3_re","V654A#30",4227,"2,25",349,"0,24","0,11"
"d0-3_re","V654A#39",4039,"2,15",400,"0,27","0,13"
"d0-3_re","D816E#24",5815,"3,10",1887,"1,29","0,42"
"d0-3_re","D816E#34",4318,"2,30",1033,"0,71","0,31"
"d0-3_re","D816E#36",24093,"12,84",5092,"3,48","0,27"
"d0-3_re","D816A#10",10735,"5,72",4022,"2,75","0,48"
"d0-3_re","D816A#11",3502,"1,87",1897,"1,30","0,69"
"d0-3_re","D816A#13",15705,"8,37",2269,"1,55","0,19"
"d0-3_re","A829P#21",2029,"1,08",227,"0,16","0,14"
"d0-3_re","A829P#22",11590,"6,18",352,"0,24","0,04"
"d0-3_re","A829P#28",6360,"3,39",295,"0,20","0,06"
"im3_re","T1parental#4",1533,"0,82",2159,"1,31","1,61"
"im3_re","T1parental#6",10903,"5,81",10588,"6,44","1,11"
"im3_re","T1parental#9",12735,"6,79",11242,"6,84","1,01"
"im3_re","TSC2#18",7320,"3,90",5439,"3,31","0,85"
"im3_re","TSC2#19",3,"0,00",62,"0,04","23,58"
"im3_re","TSC2#20",14729,"7,85",18213,"11,07","1,41"
"im3_re","PTEN#15",13623,"7,26",13499,"8,21","1,13"
"im3_re","PTEN#16",7845,"4,18",7184,"4,37","1,04"
"im3_re","PTEN#17",6959,"3,71",15124,"9,20","2,48"
"im3_re","Hom#25",3661,"1,95",7478,"4,55","2,33"
"im3_re","Hom#26",4356,"2,32",7017,"4,27","1,84"
"im3_re","Hom#27",873,"0,47",929,"0,56","1,21"
"im3_re","V654A#29",10677,"5,69",253,"0,15","0,03"
"im3_re","V654A#30",4227,"2,25",476,"0,29","0,13"
"im3_re","V654A#39",4039,"2,15",443,"0,27","0,13"
"im3_re","D816E#24",5815,"3,10",7621,"4,63","1,50"
"im3_re","D816E#34",4318,"2,30",5003,"3,04","1,32"
"im3_re","D816E#36",24093,"12,84",32331,"19,66","1,53"
"im3_re","D816A#10",10735,"5,72",3948,"2,40","0,42"
"im3_re","D816A#11",3502,"1,87",4971,"3,02","1,62"
"im3_re","D816A#13",15705,"8,37",8991,"5,47","0,65"
"im3_re","A829P#21",2029,"1,08",480,"0,29","0,27"
"im3_re","A829P#22",11590,"6,18",688,"0,42","0,07"
"im3_re","A829P#28",6360,"3,39",316,"0,19","0,06"
"tram2_re","T1parental#4",1533,"0,82",4236,"2,04","2,50"
"tram2_re","T1parental#6",10903,"5,81",26439,"14,19","2,44"
"tram2_re","T1parental#9",12735,"6,79",27946,"16,46","2,42"
"tram2_re","TSC2#18",7320,"3,90",2728,"2,46","0,63"
"tram2_re","TSC2#19",3,"0,00",1,"0,58","361,09"
"tram2_re","TSC2#20",14729,"7,85",28031,"7,30","0,93"
"tram2_re","PTEN#15",13623,"7,26",29843,"15,05","2,07"
"tram2_re","PTEN#16",7845,"4,18",13339,"7,11","1,70"
"tram2_re","PTEN#17",6959,"3,71",39564,"11,62","3,13"
"tram2_re","Hom#25",3661,"1,95",4622,"3,40","1,74"
"tram2_re","Hom#26",4356,"2,32",8514,"4,50","1,94"
"tram2_re","Hom#27",873,"0,47",1031,"1,32","2,84"
"tram2_re","V654A#29",10677,"5,69",228,"1,06","0,19"
"tram2_re","V654A#30",4227,"2,25",119,"0,96","0,43"
"tram2_re","V654A#39",4039,"2,15",154,"0,13","0,06"
"tram2_re","D816E#24",5815,"3,10",986,"1,14","0,37"
"tram2_re","D816E#34",4318,"2,30",675,"0,83","0,36"
"tram2_re","D816E#36",24093,"12,84",3266,"2,77","0,22"
"tram2_re","D816A#10",10735,"5,72",2852,"1,77","0,31"
"tram2_re","D816A#11",3502,"1,87",4522,"1,04","0,56"
"tram2_re","D816A#13",15705,"8,37",1622,"1,74","0,21"
"tram2_re","A829P#21",2029,"1,08",170,"0,53","0,49"
"tram2_re","A829P#22",11590,"6,18",133,"1,09","0,18"
"tram2_re","A829P#28",6360,"3,39",187,"0,90","0,27"
"sun-tram3_li","T1parental#4",1533,"0,82",1801,"0,62","0,76"
"sun-tram3_li","T1parental#6",10903,"5,81",12561,"4,36","0,75"
"sun-tram3_li","T1parental#9",12735,"6,79",15032,"5,21","0,77"
"sun-tram3_li","TSC2#18",7320,"3,90",18960,"6,57","1,69"
"sun-tram3_li","TSC2#19",3,"0,00",38,"0,01","8,24"
"sun-tram3_li","TSC2#20",14729,"7,85",74961,"25,99","3,31"
"sun-tram3_li","PTEN#15",13623,"7,26",51909,"18,00","2,48"
"sun-tram3_li","PTEN#16",7845,"4,18",19801,"6,87","1,64"
"sun-tram3_li","PTEN#17",6959,"3,71",26615,"9,23","2,49"
"sun-tram3_li","Hom#25",3661,"1,95",272,"0,09","0,05"
"sun-tram3_li","Hom#26",4356,"2,32",1475,"0,51","0,22"
"sun-tram3_li","Hom#27",873,"0,47",716,"0,25","0,53"
"sun-tram3_li","V654A#29",10677,"5,69",3357,"1,16","0,20"
"sun-tram3_li","V654A#30",4227,"2,25",3087,"1,07","0,48"
"sun-tram3_li","V654A#39",4039,"2,15",2651,"0,92","0,43"
"sun-tram3_li","D816E#24",5815,"3,10",5770,"2,00","0,65"
"sun-tram3_li","D816E#34",4318,"2,30",3179,"1,10","0,48"
"sun-tram3_li","D816E#36",24093,"12,84",19303,"6,69","0,52"
"sun-tram3_li","D816A#10",10735,"5,72",12218,"4,24","0,74"
"sun-tram3_li","D816A#11",3502,"1,87",2150,"0,75","0,40"
"sun-tram3_li","D816A#13",15705,"8,37",1243,"0,43","0,05"
"sun-tram3_li","A829P#21",2029,"1,08",3067,"1,06","0,98"
"sun-tram3_li","A829P#22",11590,"6,18",5035,"1,75","0,28"
"sun-tram3_li","A829P#28",6360,"3,39",3204,"1,11","0,33"
"sun-tram3_re","T1parental#4",1533,"0,82",2391,"1,25","1,53"
"sun-tram3_re","T1parental#6",10903,"5,81",11271,"5,89","1,01"
"sun-tram3_re","T1parental#9",12735,"6,79",13822,"7,23","1,06"
"sun-tram3_re","TSC2#18",7320,"3,90",8908,"4,66","1,19"
"sun-tram3_re","TSC2#19",3,"0,00",5,"0,00","1,64"
"sun-tram3_re","TSC2#20",14729,"7,85",48957,"25,60","3,26"
"sun-tram3_re","PTEN#15",13623,"7,26",24284,"12,70","1,75"
"sun-tram3_re","PTEN#16",7845,"4,18",8818,"4,61","1,10"
"sun-tram3_re","PTEN#17",6959,"3,71",25330,"13,25","3,57"
"sun-tram3_re","Hom#25",3661,"1,95",475,"0,25","0,13"
"sun-tram3_re","Hom#26",4356,"2,32",1514,"0,79","0,34"
"sun-tram3_re","Hom#27",873,"0,47",418,"0,22","0,47"
"sun-tram3_re","V654A#29",10677,"5,69",1035,"0,54","0,10"
"sun-tram3_re","V654A#30",4227,"2,25",874,"0,46","0,20"
"sun-tram3_re","V654A#39",4039,"2,15",1256,"0,66","0,31"
"sun-tram3_re","D816E#24",5815,"3,10",5396,"2,82","0,91"
"sun-tram3_re","D816E#34",4318,"2,30",2988,"1,56","0,68"
"sun-tram3_re","D816E#36",24093,"12,84",19097,"9,99","0,78"
"sun-tram3_re","D816A#10",10735,"5,72",7377,"3,86","0,67"
"sun-tram3_re","D816A#11",3502,"1,87",2560,"1,34","0,72"
"sun-tram3_re","D816A#13",15705,"8,37",2343,"1,23","0,15"
"sun-tram3_re","A829P#21",2029,"1,08",695,"0,36","0,34"
"sun-tram3_re","A829P#22",11590,"6,18",936,"0,49","0,08"
"sun-tram3_re","A829P#28",6360,"3,39",485,"0,25","0,07"
"im-tram2_re","T1parental#4",1533,"0,82",2409,"2,16","2,65"
"im-tram2_re","T1parental#6",10903,"5,81",18130,"9,98","1,72"
"im-tram2_re","T1parental#9",12735,"6,79",19595,"12,80","1,89"
"im-tram2_re","TSC2#18",7320,"3,90",6954,"1,91","0,49"
"im-tram2_re","TSC2#19",3,"0,00",4,"0,09","53,27"
"im-tram2_re","TSC2#20",14729,"7,85",28188,"14,14","1,80"
"im-tram2_re","PTEN#15",13623,"7,26",35094,"13,93","1,92"
"im-tram2_re","PTEN#16",7845,"4,18",11710,"6,26","1,50"
"im-tram2_re","PTEN#17",6959,"3,71",24508,"15,75","4,25"
"im-tram2_re","Hom#25",3661,"1,95",1975,"1,24","0,64"
"im-tram2_re","Hom#26",4356,"2,32",2844,"1,56","0,67"
"im-tram2_re","Hom#27",873,"0,47",842,"0,50","1,08"
"im-tram2_re","V654A#29",10677,"5,69",1266,"0,82","0,14"
"im-tram2_re","V654A#30",4227,"2,25",1333,"0,40","0,18"
"im-tram2_re","V654A#39",4039,"2,15",1375,"0,32","0,15"
"im-tram2_re","D816E#24",5815,"3,10",6620,"1,72","0,55"
"im-tram2_re","D816E#34",4318,"2,30",3594,"0,68","0,30"
"im-tram2_re","D816E#36",24093,"12,84",21290,"7,93","0,62"
"im-tram2_re","D816A#10",10735,"5,72",7176,"3,20","0,56"
"im-tram2_re","D816A#11",3502,"1,87",3287,"1,73","0,93"
"im-tram2_re","D816A#13",15705,"8,37",3172,"1,55","0,19"
"im-tram2_re","A829P#21",2029,"1,08",479,"0,37","0,35"
"im-tram2_re","A829P#22",11590,"6,18",624,"0,46","0,07"
"im-tram2_re","A829P#28",6360,"3,39",477,"0,48","0,14"
"sun1_li","T1parental#4",1533,"0,82",1622,"0,80","0,98"
"sun1_li","T1parental#6",10903,"5,81",11469,"5,64","0,97"
"sun1_li","T1parental#9",12735,"6,79",15483,"7,61","1,12"
"sun1_li","TSC2#18",7320,"3,90",7295,"3,59","0,92"
"sun1_li","TSC2#19",3,"0,00",3,"0,00","0,92"
"sun1_li","TSC2#20",14729,"7,85",55143,"27,10","3,45"
"sun1_li","PTEN#15",13623,"7,26",23022,"11,32","1,56"
"sun1_li","PTEN#16",7845,"4,18",13121,"6,45","1,54"
"sun1_li","PTEN#17",6959,"3,71",23818,"11,71","3,16"
"sun1_li","Hom#25",3661,"1,95",1457,"0,72","0,37"
"sun1_li","Hom#26",4356,"2,32",2699,"1,33","0,57"
"sun1_li","Hom#27",873,"0,47",1291,"0,63","1,36"
"sun1_li","V654A#29",10677,"5,69",651,"0,32","0,06"
"sun1_li","V654A#30",4227,"2,25",1157,"0,57","0,25"
"sun1_li","V654A#39",4039,"2,15",1000,"0,49","0,23"
"sun1_li","D816E#24",5815,"3,10",4746,"2,33","0,75"
"sun1_li","D816E#34",4318,"2,30",3007,"1,48","0,64"
"sun1_li","D816E#36",24093,"12,84",12924,"6,35","0,49"
"sun1_li","D816A#10",10735,"5,72",12944,"6,36","1,11"
"sun1_li","D816A#11",3502,"1,87",6951,"3,42","1,83"
"sun1_li","D816A#13",15705,"8,37",2107,"1,04","0,12"
"sun1_li","A829P#21",2029,"1,08",554,"0,27","0,25"
"sun1_li","A829P#22",11590,"6,18",384,"0,19","0,03"
"sun1_li","A829P#28",6360,"3,39",597,"0,29","0,09"
"tram3_re","T1parental#4",1533,"0,82",2332,"1,32","1,61"
"tram3_re","T1parental#6",10903,"5,81",19667,"11,11","1,91"
"tram3_re","T1parental#9",12735,"6,79",20915,"11,81","1,74"
"tram3_re","TSC2#18",7320,"3,90",5487,"3,10","0,79"
"tram3_re","TSC2#19",3,"0,00",264,"0,15","93,27"
"tram3_re","TSC2#20",14729,"7,85",20173,"11,40","1,45"
"tram3_re","PTEN#15",13623,"7,26",27911,"15,77","2,17"
"tram3_re","PTEN#16",7845,"4,18",11727,"6,62","1,58"
"tram3_re","PTEN#17",6959,"3,71",27400,"15,48","4,17"
"tram3_re","Hom#25",3661,"1,95",2062,"1,16","0,60"
"tram3_re","Hom#26",4356,"2,32",3979,"2,25","0,97"
"tram3_re","Hom#27",873,"0,47",608,"0,34","0,74"
"tram3_re","V654A#29",10677,"5,69",651,"0,37","0,06"
"tram3_re","V654A#30",4227,"2,25",514,"0,29","0,13"
"tram3_re","V654A#39",4039,"2,15",284,"0,16","0,07"
"tram3_re","D816E#24",5815,"3,10",5673,"3,20","1,03"
"tram3_re","D816E#34",4318,"2,30",3825,"2,16","0,94"
"tram3_re","D816E#36",24093,"12,84",16142,"9,12","0,71"
"tram3_re","D816A#10",10735,"5,72",2273,"1,28","0,22"
"tram3_re","D816A#11",3502,"1,87",1892,"1,07","0,57"
"tram3_re","D816A#13",15705,"8,37",2388,"1,35","0,16"
"tram3_re","A829P#21",2029,"1,08",309,"0,17","0,16"
"tram3_re","A829P#22",11590,"6,18",350,"0,20","0,03"
"tram3_re","A829P#28",6360,"3,39",199,"0,11","0,03"
"sun3_re","T1parental#4",1533,"0,82",1299,"0,70","0,86"
"sun3_re","T1parental#6",10903,"5,81",9914,"5,35","0,92"
"sun3_re","T1parental#9",12735,"6,79",11515,"6,21","0,92"
"sun3_re","TSC2#18",7320,"3,90",12041,"6,50","1,67"
"sun3_re","TSC2#19",3,"0,00",14,"0,01","4,72"
"sun3_re","TSC2#20",14729,"7,85",42323,"22,84","2,91"
"sun3_re","PTEN#15",13623,"7,26",19920,"10,75","1,48"
"sun3_re","PTEN#16",7845,"4,18",11163,"6,02","1,44"
"sun3_re","PTEN#17",6959,"3,71",15846,"8,55","2,31"
"sun3_re","Hom#25",3661,"1,95",5107,"2,76","1,41"
"sun3_re","Hom#26",4356,"2,32",6267,"3,38","1,46"
"sun3_re","Hom#27",873,"0,47",1662,"0,90","1,93"
"sun3_re","V654A#29",10677,"5,69",1194,"0,64","0,11"
"sun3_re","V654A#30",4227,"2,25",969,"0,52","0,23"
"sun3_re","V654A#39",4039,"2,15",652,"0,35","0,16"
"sun3_re","D816E#24",5815,"3,10",4518,"2,44","0,79"
"sun3_re","D816E#34",4318,"2,30",2997,"1,62","0,70"
"sun3_re","D816E#36",24093,"12,84",12501,"6,75","0,53"
"sun3_re","D816A#10",10735,"5,72",13740,"7,41","1,30"
"sun3_re","D816A#11",3502,"1,87",5349,"2,89","1,55"
"sun3_re","D816A#13",15705,"8,37",3880,"2,09","0,25"
"sun3_re","A829P#21",2029,"1,08",690,"0,37","0,34"
"sun3_re","A829P#22",11590,"6,18",927,"0,50","0,08"
"sun3_re","A829P#28",6360,"3,39",848,"0,46","0,13"
"sun3_li","T1parental#4",1533,"0,82",976,"0,61","0,75"
"sun3_li","T1parental#6",10903,"5,81",8233,"5,18","0,89"
"sun3_li","T1parental#9",12735,"6,79",10508,"6,61","0,97"
"sun3_li","TSC2#18",7320,"3,90",11700,"7,36","1,89"
"sun3_li","TSC2#19",3,"0,00",3,"0,00","1,18"
"sun3_li","TSC2#20",14729,"7,85",40201,"25,28","3,22"
"sun3_li","PTEN#15",13623,"7,26",17249,"10,85","1,49"
"sun3_li","PTEN#16",7845,"4,18",10234,"6,44","1,54"
"sun3_li","PTEN#17",6959,"3,71",15651,"9,84","2,65"
"sun3_li","Hom#25",3661,"1,95",1637,"1,03","0,53"
"sun3_li","Hom#26",4356,"2,32",3722,"2,34","1,01"
"sun3_li","Hom#27",873,"0,47",1445,"0,91","1,95"
"sun3_li","V654A#29",10677,"5,69",624,"0,39","0,07"
"sun3_li","V654A#30",4227,"2,25",456,"0,29","0,13"
"sun3_li","V654A#39",4039,"2,15",559,"0,35","0,16"
"sun3_li","D816E#24",5815,"3,10",3913,"2,46","0,79"
"sun3_li","D816E#34",4318,"2,30",2428,"1,53","0,66"
"sun3_li","D816E#36",24093,"12,84",9718,"6,11","0,48"
"sun3_li","D816A#10",10735,"5,72",10894,"6,85","1,20"
"sun3_li","D816A#11",3502,"1,87",4275,"2,69","1,44"
"sun3_li","D816A#13",15705,"8,37",3354,"2,11","0,25"
"sun3_li","A829P#21",2029,"1,08",290,"0,18","0,17"
"sun3_li","A829P#22",11590,"6,18",584,"0,37","0,06"
"sun3_li","A829P#28",6360,"3,39",343,"0,22","0,06"
"im3_li","T1parental#4",1533,"0,82",1318,"0,81","0,99"
"im3_li","T1parental#6",10903,"5,81",9269,"5,70","0,98"
"im3_li","T1parental#9",12735,"6,79",10981,"6,76","1,00"
"im3_li","TSC2#18",7320,"3,90",4996,"3,07","0,79"
"im3_li","TSC2#19",3,"0,00",179,"0,11","68,87"
"im3_li","TSC2#20",14729,"7,85",18758,"11,54","1,47"
"im3_li","PTEN#15",13623,"7,26",9936,"6,11","0,84"
"im3_li","PTEN#16",7845,"4,18",8658,"5,33","1,27"
"im3_li","PTEN#17",6959,"3,71",12462,"7,67","2,07"
"im3_li","Hom#25",3661,"1,95",11311,"6,96","3,57"
"im3_li","Hom#26",4356,"2,32",13532,"8,32","3,59"
"im3_li","Hom#27",873,"0,47",1514,"0,93","2,00"
"im3_li","V654A#29",10677,"5,69",217,"0,13","0,02"
"im3_li","V654A#30",4227,"2,25",264,"0,16","0,07"
"im3_li","V654A#39",4039,"2,15",81,"0,05","0,02"
"im3_li","D816E#24",5815,"3,10",7022,"4,32","1,39"
"im3_li","D816E#34",4318,"2,30",2897,"1,78","0,77"
"im3_li","D816E#36",24093,"12,84",18521,"11,39","0,89"
"im3_li","D816A#10",10735,"5,72",7742,"4,76","0,83"
"im3_li","D816A#11",3502,"1,87",5174,"3,18","1,71"
"im3_li","D816A#13",15705,"8,37",17320,"10,66","1,27"
"im3_li","A829P#21",2029,"1,08",140,"0,09","0,08"
"im3_li","A829P#22",11590,"6,18",157,"0,10","0,02"
"im3_li","A829P#28",6360,"3,39",98,"0,06","0,02"
"im1_re","T1parental#4",1533,"0,82",2584,"1,15","1,41"
"im1_re","T1parental#6",10903,"5,81",18395,"8,22","1,41"
"im1_re","T1parental#9",12735,"6,79",20785,"9,29","1,37"
"im1_re","TSC2#18",7320,"3,90",8837,"3,95","1,01"
"im1_re","TSC2#19",3,"0,00",14,"0,01","3,91"
"im1_re","TSC2#20",14729,"7,85",39543,"17,67","2,25"
"im1_re","PTEN#15",13623,"7,26",26461,"11,82","1,63"
"im1_re","PTEN#16",7845,"4,18",16700,"7,46","1,78"
"im1_re","PTEN#17",6959,"3,71",20564,"9,19","2,48"
"im1_re","Hom#25",3661,"1,95",8389,"3,75","1,92"
"im1_re","Hom#26",4356,"2,32",11224,"5,02","2,16"
"im1_re","Hom#27",873,"0,47",1841,"0,82","1,77"
"im1_re","V654A#29",10677,"5,69",629,"0,28","0,05"
"im1_re","V654A#30",4227,"2,25",798,"0,36","0,16"
"im1_re","V654A#39",4039,"2,15",802,"0,36","0,17"
"im1_re","D816E#24",5815,"3,10",4104,"1,83","0,59"
"im1_re","D816E#34",4318,"2,30",2434,"1,09","0,47"
"im1_re","D816E#36",24093,"12,84",14859,"6,64","0,52"
"im1_re","D816A#10",10735,"5,72",11614,"5,19","0,91"
"im1_re","D816A#11",3502,"1,87",6276,"2,80","1,50"
"im1_re","D816A#13",15705,"8,37",5879,"2,63","0,31"
"im1_re","A829P#21",2029,"1,08",320,"0,14","0,13"
"im1_re","A829P#22",11590,"6,18",460,"0,21","0,03"
"im1_re","A829P#28",6360,"3,39",263,"0,12","0,03"
"tram3_li","T1parental#4",1533,"0,82",2625,"1,28","1,57"
"tram3_li","T1parental#6",10903,"5,81",21481,"10,51","1,81"
"tram3_li","T1parental#9",12735,"6,79",24118,"11,80","1,74"
"tram3_li","TSC2#18",7320,"3,90",4369,"2,14","0,55"
"tram3_li","TSC2#19",3,"0,00",157,"0,08","48,04"
"tram3_li","TSC2#20",14729,"7,85",24035,"11,76","1,50"
"tram3_li","PTEN#15",13623,"7,26",33509,"16,40","2,26"
"tram3_li","PTEN#16",7845,"4,18",13350,"6,53","1,56"
"tram3_li","PTEN#17",6959,"3,71",37974,"18,58","5,01"
"tram3_li","Hom#25",3661,"1,95",3497,"1,71","0,88"
"tram3_li","Hom#26",4356,"2,32",5302,"2,59","1,12"
"tram3_li","Hom#27",873,"0,47",885,"0,43","0,93"
"tram3_li","V654A#29",10677,"5,69",541,"0,26","0,05"
"tram3_li","V654A#30",4227,"2,25",549,"0,27","0,12"
"tram3_li","V654A#39",4039,"2,15",319,"0,16","0,07"
"tram3_li","D816E#24",5815,"3,10",5258,"2,57","0,83"
"tram3_li","D816E#34",4318,"2,30",2387,"1,17","0,51"
"tram3_li","D816E#36",24093,"12,84",14134,"6,92","0,54"
"tram3_li","D816A#10",10735,"5,72",2752,"1,35","0,24"
"tram3_li","D816A#11",3502,"1,87",3449,"1,69","0,90"
"tram3_li","D816A#13",15705,"8,37",2026,"0,99","0,12"
"tram3_li","A829P#21",2029,"1,08",516,"0,25","0,23"
"tram3_li","A829P#22",11590,"6,18",645,"0,32","0,05"
"tram3_li","A829P#28",6360,"3,39",507,"0,25","0,07"
"d0-3_li","T1parental#4",1533,"0,82",4203,"3,20","3,91"
"d0-3_li","T1parental#6",10903,"5,81",20002,"15,21","2,62"
"d0-3_li","T1parental#9",12735,"6,79",23119,"17,58","2,59"
"d0-3_li","TSC2#18",7320,"3,90",2000,"1,52","0,39"
"d0-3_li","TSC2#19",3,"0,00",17,"0,01","8,09"
"d0-3_li","TSC2#20",14729,"7,85",7913,"6,02","0,77"
"d0-3_li","PTEN#15",13623,"7,26",16182,"12,31","1,70"
"d0-3_li","PTEN#16",7845,"4,18",11966,"9,10","2,18"
"d0-3_li","PTEN#17",6959,"3,71",22935,"17,44","4,70"
"d0-3_li","Hom#25",3661,"1,95",2317,"1,76","0,90"
"d0-3_li","Hom#26",4356,"2,32",4669,"3,55","1,53"
"d0-3_li","Hom#27",873,"0,47",803,"0,61","1,31"
"d0-3_li","V654A#29",10677,"5,69",469,"0,36","0,06"
"d0-3_li","V654A#30",4227,"2,25",148,"0,11","0,05"
"d0-3_li","V654A#39",4039,"2,15",283,"0,22","0,10"
"d0-3_li","D816E#24",5815,"3,10",1818,"1,38","0,45"
"d0-3_li","D816E#34",4318,"2,30",1851,"1,41","0,61"
"d0-3_li","D816E#36",24093,"12,84",5676,"4,32","0,34"
"d0-3_li","D816A#10",10735,"5,72",1894,"1,44","0,25"
"d0-3_li","D816A#11",3502,"1,87",1584,"1,20","0,65"
"d0-3_li","D816A#13",15705,"8,37",1154,"0,88","0,10"
"d0-3_li","A829P#21",2029,"1,08",127,"0,10","0,09"
"d0-3_li","A829P#22",11590,"6,18",144,"0,11","0,02"
"d0-3_li","A829P#28",6360,"3,39",211,"0,16","0,05"
"im1_li","T1parental#4",1533,"0,82",3428,"1,36","1,66"
"im1_li","T1parental#6",10903,"5,81",20886,"8,27","1,42"
"im1_li","T1parental#9",12735,"6,79",23188,"9,18","1,35"
"im1_li","TSC2#18",7320,"3,90",10041,"3,97","1,02"
"im1_li","TSC2#19",3,"0,00",15,"0,01","3,71"
"im1_li","TSC2#20",14729,"7,85",40653,"16,09","2,05"
"im1_li","PTEN#15",13623,"7,26",25868,"10,24","1,41"
"im1_li","PTEN#16",7845,"4,18",16315,"6,46","1,54"
"im1_li","PTEN#17",6959,"3,71",24083,"9,53","2,57"
"im1_li","Hom#25",3661,"1,95",12158,"4,81","2,47"
"im1_li","Hom#26",4356,"2,32",15897,"6,29","2,71"
"im1_li","Hom#27",873,"0,47",2697,"1,07","2,29"
"im1_li","V654A#29",10677,"5,69",610,"0,24","0,04"
"im1_li","V654A#30",4227,"2,25",610,"0,24","0,11"
"im1_li","V654A#39",4039,"2,15",814,"0,32","0,15"
"im1_li","D816E#24",5815,"3,10",7333,"2,90","0,94"
"im1_li","D816E#34",4318,"2,30",3513,"1,39","0,60"
"im1_li","D816E#36",24093,"12,84",19442,"7,69","0,60"
"im1_li","D816A#10",10735,"5,72",9852,"3,90","0,68"
"im1_li","D816A#11",3502,"1,87",7111,"2,81","1,51"
"im1_li","D816A#13",15705,"8,37",6977,"2,76","0,33"
"im1_li","A829P#21",2029,"1,08",377,"0,15","0,14"
"im1_li","A829P#22",11590,"6,18",461,"0,18","0,03"
"im1_li","A829P#28",6360,"3,39",352,"0,14","0,04"
"ctrl1_re","T1parental#4",1533,"0,82",3372,"2,12","2,59"
"ctrl1_re","T1parental#6",10903,"5,81",25420,"15,96","2,75"
"ctrl1_re","T1parental#9",12735,"6,79",29797,"18,71","2,76"
"ctrl1_re","TSC2#18",7320,"3,90",5212,"3,27","0,84"
"ctrl1_re","TSC2#19",3,"0,00",10,"0,01","3,93"
"ctrl1_re","TSC2#20",14729,"7,85",17930,"11,26","1,43"
"ctrl1_re","PTEN#15",13623,"7,26",25261,"15,86","2,18"
"ctrl1_re","PTEN#16",7845,"4,18",12251,"7,69","1,84"
"ctrl1_re","PTEN#17",6959,"3,71",20740,"13,02","3,51"
"ctrl1_re","Hom#25",3661,"1,95",1906,"1,20","0,61"
"ctrl1_re","Hom#26",4356,"2,32",3626,"2,28","0,98"
"ctrl1_re","Hom#27",873,"0,47",856,"0,54","1,15"
"ctrl1_re","V654A#29",10677,"5,69",480,"0,30","0,05"
"ctrl1_re","V654A#30",4227,"2,25",307,"0,19","0,09"
"ctrl1_re","V654A#39",4039,"2,15",269,"0,17","0,08"
"ctrl1_re","D816E#24",5815,"3,10",1304,"0,82","0,26"
"ctrl1_re","D816E#34",4318,"2,30",726,"0,46","0,20"
"ctrl1_re","D816E#36",24093,"12,84",3024,"1,90","0,15"
"ctrl1_re","D816A#10",10735,"5,72",3251,"2,04","0,36"
"ctrl1_re","D816A#11",3502,"1,87",1837,"1,15","0,62"
"ctrl1_re","D816A#13",15705,"8,37",1084,"0,68","0,08"
"ctrl1_re","A829P#21",2029,"1,08",197,"0,12","0,11"
"ctrl1_re","A829P#22",11590,"6,18",270,"0,17","0,03"
"ctrl1_re","A829P#28",6360,"3,39",162,"0,10","0,03"
"im-tram1_li","T1parental#4",1533,"0,82",1997,"0,91","1,11"
"im-tram1_li","T1parental#6",10903,"5,81",14591,"6,65","1,14"
"im-tram1_li","T1parental#9",12735,"6,79",17703,"8,07","1,19"
"im-tram1_li","TSC2#18",7320,"3,90",6946,"3,16","0,81"
"im-tram1_li","TSC2#19",3,"0,00",12,"0,01","3,42"
"im-tram1_li","TSC2#20",14729,"7,85",24420,"11,13","1,42"
"im-tram1_li","PTEN#15",13623,"7,26",38257,"17,43","2,40"
"im-tram1_li","PTEN#16",7845,"4,18",12234,"5,57","1,33"
"im-tram1_li","PTEN#17",6959,"3,71",26193,"11,93","3,22"
"im-tram1_li","Hom#25",3661,"1,95",2893,"1,32","0,68"
"im-tram1_li","Hom#26",4356,"2,32",3365,"1,53","0,66"
"im-tram1_li","Hom#27",873,"0,47",476,"0,22","0,47"
"im-tram1_li","V654A#29",10677,"5,69",1182,"0,54","0,09"
"im-tram1_li","V654A#30",4227,"2,25",976,"0,44","0,20"
"im-tram1_li","V654A#39",4039,"2,15",1320,"0,60","0,28"
"im-tram1_li","D816E#24",5815,"3,10",9820,"4,47","1,44"
"im-tram1_li","D816E#34",4318,"2,30",3829,"1,74","0,76"
"im-tram1_li","D816E#36",24093,"12,84",32837,"14,96","1,17"
"im-tram1_li","D816A#10",10735,"5,72",6813,"3,10","0,54"
"im-tram1_li","D816A#11",3502,"1,87",6207,"2,83","1,52"
"im-tram1_li","D816A#13",15705,"8,37",4351,"1,98","0,24"
"im-tram1_li","A829P#21",2029,"1,08",1065,"0,49","0,45"
"im-tram1_li","A829P#22",11590,"6,18",1076,"0,49","0,08"
"im-tram1_li","A829P#28",6360,"3,39",917,"0,42","0,12"
"tram1_li","T1parental#4",1533,"0,82",2159,"1,27","1,55"
"tram1_li","T1parental#6",10903,"5,81",16033,"9,43","1,62"
"tram1_li","T1parental#9",12735,"6,79",21854,"12,86","1,89"
"tram1_li","TSC2#18",7320,"3,90",5507,"3,24","0,83"
"tram1_li","TSC2#19",3,"0,00",117,"0,07","43,06"
"tram1_li","TSC2#20",14729,"7,85",22648,"13,33","1,70"
"tram1_li","PTEN#15",13623,"7,26",34987,"20,59","2,84"
"tram1_li","PTEN#16",7845,"4,18",14015,"8,25","1,97"
"tram1_li","PTEN#17",6959,"3,71",27754,"16,33","4,40"
"tram1_li","Hom#25",3661,"1,95",1759,"1,04","0,53"
"tram1_li","Hom#26",4356,"2,32",3971,"2,34","1,01"
"tram1_li","Hom#27",873,"0,47",647,"0,38","0,82"
"tram1_li","V654A#29",10677,"5,69",1230,"0,72","0,13"
"tram1_li","V654A#30",4227,"2,25",1037,"0,61","0,27"
"tram1_li","V654A#39",4039,"2,15",828,"0,49","0,23"
"tram1_li","D816E#24",5815,"3,10",1936,"1,14","0,37"
"tram1_li","D816E#34",4318,"2,30",1172,"0,69","0,30"
"tram1_li","D816E#36",24093,"12,84",4324,"2,54","0,20"
"tram1_li","D816A#10",10735,"5,72",2734,"1,61","0,28"
"tram1_li","D816A#11",3502,"1,87",1553,"0,91","0,49"
"tram1_li","D816A#13",15705,"8,37",1561,"0,92","0,11"
"tram1_li","A829P#21",2029,"1,08",832,"0,49","0,45"
"tram1_li","A829P#22",11590,"6,18",682,"0,40","0,06"
"tram1_li","A829P#28",6360,"3,39",602,"0,35","0,10"
"sun-tram2_li","T1parental#4",1533,"0,82",771,"0,92","1,12"
"sun-tram2_li","T1parental#6",10903,"5,81",4960,"5,91","1,02"
"sun-tram2_li","T1parental#9",12735,"6,79",6139,"7,31","1,08"
"sun-tram2_li","TSC2#18",7320,"3,90",6237,"7,43","1,90"
"sun-tram2_li","TSC2#19",3,"0,00",28,"0,03","20,86"
"sun-tram2_li","TSC2#20",14729,"7,85",17124,"20,40","2,60"
"sun-tram2_li","PTEN#15",13623,"7,26",9609,"11,45","1,58"
"sun-tram2_li","PTEN#16",7845,"4,18",4226,"5,03","1,20"
"sun-tram2_li","PTEN#17",6959,"3,71",9494,"11,31","3,05"
"sun-tram2_li","Hom#25",3661,"1,95",713,"0,85","0,44"
"sun-tram2_li","Hom#26",4356,"2,32",1224,"1,46","0,63"
"sun-tram2_li","Hom#27",873,"0,47",345,"0,41","0,88"
"sun-tram2_li","V654A#29",10677,"5,69",205,"0,24","0,04"
"sun-tram2_li","V654A#30",4227,"2,25",222,"0,26","0,12"
"sun-tram2_li","V654A#39",4039,"2,15",201,"0,24","0,11"
"sun-tram2_li","D816E#24",5815,"3,10",2989,"3,56","1,15"
"sun-tram2_li","D816E#34",4318,"2,30",1088,"1,30","0,56"
"sun-tram2_li","D816E#36",24093,"12,84",10076,"12,00","0,93"
"sun-tram2_li","D816A#10",10735,"5,72",3581,"4,27","0,75"
"sun-tram2_li","D816A#11",3502,"1,87",2398,"2,86","1,53"
"sun-tram2_li","D816A#13",15705,"8,37",1774,"2,11","0,25"
"sun-tram2_li","A829P#21",2029,"1,08",254,"0,30","0,28"
"sun-tram2_li","A829P#22",11590,"6,18",164,"0,20","0,03"
"sun-tram2_li","A829P#28",6360,"3,39",126,"0,15","0,04"
"im2_re","T1parental#4",1533,"0,82",3731,"1,21","1,48"
"im2_re","T1parental#6",10903,"5,81",29223,"9,49","1,63"
"im2_re","T1parental#9",12735,"6,79",35564,"11,55","1,70"
"im2_re","TSC2#18",7320,"3,90",9400,"3,05","0,78"
"im2_re","TSC2#19",3,"0,00",11,"0,00","2,23"
"im2_re","TSC2#20",14729,"7,85",55315,"17,96","2,29"
"im2_re","PTEN#15",13623,"7,26",38936,"12,64","1,74"
"im2_re","PTEN#16",7845,"4,18",21856,"7,10","1,70"
"im2_re","PTEN#17",6959,"3,71",29264,"9,50","2,56"
"im2_re","Hom#25",3661,"1,95",4337,"1,41","0,72"
"im2_re","Hom#26",4356,"2,32",5571,"1,81","0,78"
"im2_re","Hom#27",873,"0,47",1786,"0,58","1,25"
"im2_re","V654A#29",10677,"5,69",2953,"0,96","0,17"
"im2_re","V654A#30",4227,"2,25",3008,"0,98","0,43"
"im2_re","V654A#39",4039,"2,15",2485,"0,81","0,37"
"im2_re","D816E#24",5815,"3,10",6783,"2,20","0,71"
"im2_re","D816E#34",4318,"2,30",3013,"0,98","0,43"
"im2_re","D816E#36",24093,"12,84",27829,"9,03","0,70"
"im2_re","D816A#10",10735,"5,72",13797,"4,48","0,78"
"im2_re","D816A#11",3502,"1,87",6956,"2,26","1,21"
"im2_re","D816A#13",15705,"8,37",2087,"0,68","0,08"
"im2_re","A829P#21",2029,"1,08",998,"0,32","0,30"
"im2_re","A829P#22",11590,"6,18",1846,"0,60","0,10"
"im2_re","A829P#28",6360,"3,39",1277,"0,41","0,12"
"tram2_li","T1parental#4",1533,"0,82",3004,"1,64","2,01"
"tram2_li","T1parental#6",10903,"5,81",24752,"13,52","2,33"
"tram2_li","T1parental#9",12735,"6,79",33198,"18,13","2,67"
"tram2_li","TSC2#18",7320,"3,90",3524,"1,92","0,49"
"tram2_li","TSC2#19",3,"0,00",3,"0,00","1,02"
"tram2_li","TSC2#20",14729,"7,85",13395,"7,31","0,93"
"tram2_li","PTEN#15",13623,"7,26",36584,"19,98","2,75"
"tram2_li","PTEN#16",7845,"4,18",11033,"6,02","1,44"
"tram2_li","PTEN#17",6959,"3,71",36886,"20,14","5,43"
"tram2_li","Hom#25",3661,"1,95",1806,"0,99","0,51"
"tram2_li","Hom#26",4356,"2,32",4285,"2,34","1,01"
"tram2_li","Hom#27",873,"0,47",387,"0,21","0,45"
"tram2_li","V654A#29",10677,"5,69",439,"0,24","0,04"
"tram2_li","V654A#30",4227,"2,25",380,"0,21","0,09"
"tram2_li","V654A#39",4039,"2,15",392,"0,21","0,10"
"tram2_li","D816E#24",5815,"3,10",1700,"0,93","0,30"
"tram2_li","D816E#34",4318,"2,30",853,"0,47","0,20"
"tram2_li","D816E#36",24093,"12,84",4676,"2,55","0,20"
"tram2_li","D816A#10",10735,"5,72",1431,"0,78","0,14"
"tram2_li","D816A#11",3502,"1,87",1983,"1,08","0,58"
"tram2_li","D816A#13",15705,"8,37",1801,"0,98","0,12"
"tram2_li","A829P#21",2029,"1,08",293,"0,16","0,15"
"tram2_li","A829P#22",11590,"6,18",175,"0,10","0,02"
"tram2_li","A829P#28",6360,"3,39",143,"0,08","0,02"
"sun2_re","T1parental#4",1533,"0,82",825,"0,62","0,76"
"sun2_re","T1parental#6",10903,"5,81",5471,"4,10","0,71"
"sun2_re","T1parental#9",12735,"6,79",7414,"5,55","0,82"
"sun2_re","TSC2#18",7320,"3,90",4830,"3,62","0,93"
"sun2_re","TSC2#19",3,"0,00",69,"0,05","32,32"
"sun2_re","TSC2#20",14729,"7,85",24658,"18,46","2,35"
"sun2_re","PTEN#15",13623,"7,26",10337,"7,74","1,07"
"sun2_re","PTEN#16",7845,"4,18",5969,"4,47","1,07"
"sun2_re","PTEN#17",6959,"3,71",13039,"9,76","2,63"
"sun2_re","Hom#25",3661,"1,95",4196,"3,14","1,61"
"sun2_re","Hom#26",4356,"2,32",3807,"2,85","1,23"
"sun2_re","Hom#27",873,"0,47",1050,"0,79","1,69"
"sun2_re","V654A#29",10677,"5,69",284,"0,21","0,04"
"sun2_re","V654A#30",4227,"2,25",324,"0,24","0,11"
"sun2_re","V654A#39",4039,"2,15",229,"0,17","0,08"
"sun2_re","D816E#24",5815,"3,10",4938,"3,70","1,19"
"sun2_re","D816E#34",4318,"2,30",1857,"1,39","0,60"
"sun2_re","D816E#36",24093,"12,84",18596,"13,93","1,08"
"sun2_re","D816A#10",10735,"5,72",8924,"6,68","1,17"
"sun2_re","D816A#11",3502,"1,87",7768,"5,82","3,12"
"sun2_re","D816A#13",15705,"8,37",7871,"5,89","0,70"
"sun2_re","A829P#21",2029,"1,08",366,"0,27","0,25"
"sun2_re","A829P#22",11590,"6,18",405,"0,30","0,05"
"sun2_re","A829P#28",6360,"3,39",316,"0,24","0,07"
"tram1_re","T1parental#4",1533,"0,82",4236,"2,11","2,58"
"tram1_re","T1parental#6",10903,"5,81",26439,"13,14","2,26"
"tram1_re","T1parental#9",12735,"6,79",27946,"13,89","2,05"
"tram1_re","TSC2#18",7320,"3,90",2728,"1,36","0,35"
"tram1_re","TSC2#19",3,"0,00",1,"0,00","0,31"
"tram1_re","TSC2#20",14729,"7,85",28031,"13,93","1,77"
"tram1_re","PTEN#15",13623,"7,26",29843,"14,83","2,04"
"tram1_re","PTEN#16",7845,"4,18",13339,"6,63","1,59"
"tram1_re","PTEN#17",6959,"3,71",39564,"19,66","5,30"
"tram1_re","Hom#25",3661,"1,95",4622,"2,30","1,18"
"tram1_re","Hom#26",4356,"2,32",8514,"4,23","1,82"
"tram1_re","Hom#27",873,"0,47",1031,"0,51","1,10"
"tram1_re","V654A#29",10677,"5,69",228,"0,11","0,02"
"tram1_re","V654A#30",4227,"2,25",119,"0,06","0,03"
"tram1_re","V654A#39",4039,"2,15",154,"0,08","0,04"
"tram1_re","D816E#24",5815,"3,10",986,"0,49","0,16"
"tram1_re","D816E#34",4318,"2,30",675,"0,34","0,15"
"tram1_re","D816E#36",24093,"12,84",3266,"1,62","0,13"
"tram1_re","D816A#10",10735,"5,72",2852,"1,42","0,25"
"tram1_re","D816A#11",3502,"1,87",4522,"2,25","1,20"
"tram1_re","D816A#13",15705,"8,37",1622,"0,81","0,10"
"tram1_re","A829P#21",2029,"1,08",170,"0,08","0,08"
"tram1_re","A829P#22",11590,"6,18",133,"0,07","0,01"
"tram1_re","A829P#28",6360,"3,39",187,"0,09","0,03"
"sun-tram2_re","T1parental#4",1533,"0,82",1263,"0,91","1,11"
"sun-tram2_re","T1parental#6",10903,"5,81",6529,"4,70","0,81"
"sun-tram2_re","T1parental#9",12735,"6,79",8675,"6,25","0,92"
"sun-tram2_re","TSC2#18",7320,"3,90",8730,"6,28","1,61"
"sun-tram2_re","TSC2#19",3,"0,00",75,"0,05","33,77"
"sun-tram2_re","TSC2#20",14729,"7,85",31649,"22,78","2,90"
"sun-tram2_re","PTEN#15",13623,"7,26",19752,"14,22","1,96"
"sun-tram2_re","PTEN#16",7845,"4,18",7015,"5,05","1,21"
"sun-tram2_re","PTEN#17",6959,"3,71",16787,"12,09","3,26"
"sun-tram2_re","Hom#25",3661,"1,95",561,"0,40","0,21"
"sun-tram2_re","Hom#26",4356,"2,32",1725,"1,24","0,53"
"sun-tram2_re","Hom#27",873,"0,47",503,"0,36","0,78"
"sun-tram2_re","V654A#29",10677,"5,69",1182,"0,85","0,15"
"sun-tram2_re","V654A#30",4227,"2,25",942,"0,68","0,30"
"sun-tram2_re","V654A#39",4039,"2,15",1249,"0,90","0,42"
"sun-tram2_re","D816E#24",5815,"3,10",4240,"3,05","0,98"
"sun-tram2_re","D816E#34",4318,"2,30",1367,"0,98","0,43"
"sun-tram2_re","D816E#36",24093,"12,84",13273,"9,56","0,74"
"sun-tram2_re","D816A#10",10735,"5,72",6508,"4,69","0,82"
"sun-tram2_re","D816A#11",3502,"1,87",3291,"2,37","1,27"
"sun-tram2_re","D816A#13",15705,"8,37",1688,"1,22","0,15"
"sun-tram2_re","A829P#21",2029,"1,08",558,"0,40","0,37"
"sun-tram2_re","A829P#22",11590,"6,18",734,"0,53","0,09"
"sun-tram2_re","A829P#28",6360,"3,39",610,"0,44","0,13"
